Workbook

Sheet INV1
A1: ZHEJIANG LEFEI TEXTILE CO.,LTD.
A2: ROOM1903,19TH FLOOR,FORTUNE BLD.,KEQIAO,SHAOXING,ZHEJIANG,CHINA
A3: TEL:0086-575-81189638 FAX:0086-575-81189633
A4: E-MAIL:LF3@LEFEITEX.COM
A7: INVOICE
A9: Consignee : | B9: VANCO INDUSTRIAL CO., LTD. | I9: Date :
B10: NATIONAL ROAD NO.4, PHUM CHORK, | I10: Invoice No :
B11: KHUM BEIK CHAN, SROK ANGSNEURL,
B12: KANDAL PROVINCE, CAMBODIA
B13: TEL: 855-12921388 / 092648888
B14: EMAIL: camimp@eastexgarment.com
B15: VAT # L001-150000294
A16: Country of Origin: | B16: China
A17: Ship mode: | B17: by Sea
A18: Port of loading: NINGBO, CHINA | G18: Place of Discharge: SIHANOUKVILLE, CAMBODIA
A20: Marks & Nos. | D20: Description of goods | G20: QTY | I20: Unit Price | J20: Amount
G21: KGS | I21: USD | J21: USD
I22: CIF SIHANOUKVILLE
A24: N/M | J24: =G24*I24 -> 0
A30: REF:
C37: Total : | J37: =ROUND(SUM(J23:J36),2) -> 0
A38: CONTAINER NO / SEAL NO:
F39: For and on behalf of
F40: =A1 -> ZHEJIANG LEFEI TEXTILE CO.,LTD.
F46: Authorized & Signature

Sheet PKL1
A1: ='INV1'!A1 -> ZHEJIANG LEFEI TEXTILE CO.,LTD.
A2: ='INV1'!A2 -> ROOM1903,19TH FLOOR,FORTUNE BLD.,KEQIAO,SHAOXING,ZHEJIANG,CHINA
A3: ='INV1'!A3 -> TEL:0086-575-81189638 FAX:0086-575-81189633
A4: ='INV1'!A4 -> E-MAIL:LF3@LEFEITEX.COM
A7: PACKING LIST
A9: ='INV1'!A9 -> Consignee : | C9: ='INV1'!B9 -> VANCO INDUSTRIAL CO., LTD. | J9: ='INV1'!I9 -> Date : | K9: ='INV1'!J9 -> 0
C10: ='INV1'!B10 -> NATIONAL ROAD NO.4, PHUM CHORK, | I10: Packinglist No: | K10: ='INV1'!J10 -> 0
C11: ='INV1'!B11 -> KHUM BEIK CHAN, SROK ANGSNEURL,
C12: ='INV1'!B12 -> KANDAL PROVINCE, CAMBODIA
C13: ='INV1'!B13 -> TEL: 855-12921388 / 092648888
C14: ='INV1'!B14 -> EMAIL: camimp@eastexgarment.com
C15: ='INV1'!B15 -> VAT # L001-150000294
A16: ='INV1'!A16 -> Country of Origin: | C16: ='INV1'!B16 -> China
A17: ='INV1'!A17 -> Ship mode: | C17: ='INV1'!B17 -> by Sea
A18: ='INV1'!A18 -> Port of loading: NINGBO, CHINA | H18: ='INV1'!G18 -> Place of Discharge: SIHANOUKVILLE, CAMBODIA
A20: No of | B20: UNIT | E20: Description of goods | H20: Quantity | J20: Net Weight | K20: Gross Weight
J21: (KGS) | K21: (KGS)
A24: 850 | B24: BALES | E24: ='INV1'!D24 -> 0 | H24: ='INV1'!G24 -> 0 | I24: KGS | J24: =H24 -> 0 | K24: 20930.2
E25: ='INV1'!D25 -> 0
E26: ='INV1'!D26 -> 0
E27: ='INV1'!D27 -> 0
E28: ='INV1'!D28 -> 0
E29: ='INV1'!D29 -> 0
E30: ='INV1'!D30 -> 0
A33: REF:26LF0845-1,26LF0846-1
A38: =SUM(A24:A37) -> 850 | B38: =B24 -> BALES | J38: =SUM(J23:J37) -> 0 | K38: =SUM(K23:K37) -> 20930.2
A39: ='INV1'!A38 -> CONTAINER NO / SEAL NO:
A40: ='INV1'!A39 -> 0 | H40: ='INV1'!F39 -> For and on behalf of
A41: ='INV1'!A40 -> 0 | H41: ='INV1'!F40 -> ZHEJIANG LEFEI TEXTILE CO.,LTD.
A42: ='INV1'!A41 -> 0
H47: ='INV1'!F46 -> Authorized & Signature
