Workbook

Sheet INV1
A1: NINGBO HAISHU BAIYI GARMENT ACCESSORY CO., LTD.
A2: NO. 456, KEMAO ROAD, WANGCHUN INDUSTRIAL PARK, HAISHU DISTRICT,NINGBO CITY, ZHEJIANG，CHINA
A7: INVOICE
A9: Consignee : | B9: VANCO INDUSTRIAL CO., LTD. | I9: Date : | J9: 46270
B10: NATIONAL ROAD NO.4, PHUM CHORK, | I10: Invoice No : | J10: XMNCT2609087_CT
B11: KHUM BEIK CHAN, SROK ANGSNEURL,
B12: KANDAL PROVINCE, CAMBODIA
B13: TEL: 855-12921388 / 092648888
B14: EMAIL: camimp@eastexgarment.com
B15: VAT # L001-150000294
A16: Country of Origin: | B16: China
A17: Ship mode: | B17: by TRUCK
A18: Place of initial receipt: SHAOXING,CHINA | G18: Place of Discharge: PREY VOR,CAMBODIA
A19: Port of loading: HUU NGHI BORDER, VIET NAM | G19: Place of Delivery: PHNOM PENH,CAMBODIA
A20: Marks & Nos. | D20: Description of goods | G20: QTY | I20: Unit Price | J20: Amount
G21: KGS | I21: USD | J21: USD
I22: DAP PREY VOR
A23: N/M
D24: MESH FABRIC | G24: 305 | H24: KGS | I24: 6 | J24: =G24*I24 -> 1830
D25: 95% RECYCLED POLYESTER 5% ELASTANE MESH
A37: REF:LY260905-1DM
C42: Total : | J42: =ROUND(SUM(J23:J41),2) -> 1830
A43: CONTAINER NO / SEAL NO:
A44: SZLU9863221/KAL0586 | F44: For and on behalf of
A45: PART OF 1X45'HQ | F45: =A1 -> NINGBO HAISHU BAIYI GARMENT ACCESSORY CO., LTD.
F51: Authorized & Signature

Sheet PKL1
A1: ='INV1'!A1 -> NINGBO HAISHU BAIYI GARMENT ACCESSORY CO., LTD.
A2: ='INV1'!A2 -> NO. 456, KEMAO ROAD, WANGCHUN INDUSTRIAL PARK, HAISHU DISTRICT,NINGBO CITY, ZHEJIANG，CHINA
A7: PACKING LIST
A9: ='INV1'!A9 -> Consignee : | C9: ='INV1'!B9 -> VANCO INDUSTRIAL CO., LTD. | J9: ='INV1'!I9 -> Date :
C10: ='INV1'!B10 -> NATIONAL ROAD NO.4, PHUM CHORK, | I10: Packinglist No:
C11: ='INV1'!B11 -> KHUM BEIK CHAN, SROK ANGSNEURL,
C12: ='INV1'!B12 -> KANDAL PROVINCE, CAMBODIA
C13: ='INV1'!B13 -> TEL: 855-12921388 / 092648888
C14: ='INV1'!B14 -> EMAIL: camimp@eastexgarment.com
C15: ='INV1'!B15 -> VAT # L001-150000294
A16: ='INV1'!A16 -> Country of Origin: | C16: ='INV1'!B16 -> China
A17: ='INV1'!A17 -> Ship mode: | C17: ='INV1'!B17 -> by TRUCK
A18: ='INV1'!A18 -> Place of initial receipt: SHAOXING,CHINA | H18: ='INV1'!G18 -> Place of Discharge: PREY VOR,CAMBODIA
A19: ='INV1'!A19 -> Port of loading: HUU NGHI BORDER, VIET NAM | H19: ='INV1'!G19 -> Place of Delivery: PHNOM PENH,CAMBODIA
A20: No of | B20: UNIT | E20: Description of goods | H20: Quantity | J20: Net Weight | K20: Gross Weight
J21: (KGS) | K21: (KGS)
A35: REF:LY260905-1DM
A40: =SUM(A24:A39) -> 0 | B40: =B24 -> 0 | J40: =SUM(J23:J39) -> 0 | K40: =SUM(K23:K39) -> 0
A41: ='INV1'!A43 -> CONTAINER NO / SEAL NO:
H42: ='INV1'!F44 -> For and on behalf of
H43: ='INV1'!F45 -> NINGBO HAISHU BAIYI GARMENT ACCESSORY CO., LTD.
H49: ='INV1'!F51 -> Authorized & Signature

Sheet Sheet1
